-0.1, program{ out(v0); v1=v2; }
-0.1, program{ out(v0); in(v0); while(83/61+89*v1<66){ in(v2); }in(v2); v3=v2; if(90<v2<38/50<v1!=v1){ if(18+v4&&v3){ out(45); }out(53); }}
-0.1, program{ out(v0); while(90-66*64||v1/v2){ if(v3/v2/v2){ while(40>64){ v4=v5; }}}}
-0.1, program{ if(90>v0){ while(v0&&39&&v1){ out(v0); }out(v2); }}
-0.1, program{ out(v0); if(v1&&88-21&&49){ if(v1+62){ v1=v2/54; v0=1; }}}
-0.1, program{ out(v0); while(68+v0-v0||55<v1){ while(v0<53!=15/v1){ while(32==v1){ out(79); }}}while(v1-75*100-v1+61){ if(v1<v1-9){ out(44); }}}
-0.1, program{ out(v0); while(v0-v1+21/v0){ while(92==61||v1){ while(v1<v0){ out(1); }}}}
-0.1, program{ out(v0); v0=v3!=98; }
-0.1, program{ if(64-90==v0){ out(v0); while(v0!=v1){ v2=36; }}}
-0.1, program{ if(52-v0==v0<v0){ out(v1); }}
-0.1, program{ while(32==v0){ v1=v2&&v0; }out(v0); }
-0.1, program{ out(v0); }
-0.1, program{ while(32==v0){ v1=v2&&v0; }out(v0); }
-0.1, program{ out(v0); }
-0.1, program{ out(v0); }
-0.1, program{ out(v3); in(v0); }
-0.1, program{ out(v0); in(v0); while(66+66+v0){ in(v1); }if(!v0){ while(v1>66){ while(v0*v2){ v0=43; }}}}
-0.1, program{ out(v0); }
-0.1, program{ if(31-62<v0/v0!=v0||2<v0){ if(v0==9){ in(v1); if(v1!=59){ v1=59; v2=53; }}out(v3); }in(v1); }
-0.1, program{ out(v0); }
-0.1, program{ out(v1); }
-0.1, program{ out(v0); }
-0.1, program{ out(v0); }
-0.1, program{ if(56&&15){ out(v0); while(53<v1&&v2>v3){ v0=!v3; }}in(v1); v0=v0-v1&&v1||!21/13; }
-0.1, program{ out(v0); in(v1); }
-0.1, program{ v3=55&&!v3-66&&37; if(v0>v2&&v3+v4){ in(v1); while(!v0){ while(92!=2){ out(v4); }}}if(v4==73>v4==87){ in(v2); }out(v4); }
-0.1, program{ if(56&&15){ out(v0); while(53<v1&&v2>v3){ v0=!v3; }}}
-0.1, program{ out(v0); }
-0.1, program{ if(31-62<v0/v0!=v0||2<v0){ if(v0==9){ in(v1); if(v1!=59){ v1=59; v2=53; }}out(v3); }}
-0.1, program{ out(v0); v1=v2; if(!!v1){ out(v1); if(v1*v2==98){ while(48>v1){ in(v2); }v1=v3; }}}
-0.1, program{ out(v0); }
-0.1, program{ out(v1); }
-0.1, program{ out(v0); while(90-66*64||v1/v2){ if(v3/v2/v2){ while(40>64){ v4=v5; }}}}
-0.1, program{ out(v0); }
-0.1, program{ out(v1); }
-0.1, program{ if(31-62<v0/v0!=v0||2<v0){ if(v0==9){ in(v1); if(v1!=59){ v1=59; v2=53; }}out(v3); }in(v1); }
-0.1, program{ out(v0); if(!v1&&98<45>2*v2){ while(77||84||76){ in(v0); }}}
-0.1, program{ if(83>v0){ out(v1); if(v1==16/28){ in(v0); }}v1=50; in(v2); in(v2); v2=v2; }
-0.1, program{ out(v2); v1=38; }
-0.1, program{ out(v0); v0=5/65/v1!=v0; v1=29&&v2+98+4==v0; }
-0.1, program{ out(v0); }
-0.1, program{ out(v0); while(v0<98+0*v1&&v0){ while(66||21>v2){ while(6&&v3){ in(v3); }}}}
-0.1, program{ out(v0); }
-0.1, program{ out(v2); v0=5/65/v1!=v0; v1=29&&v2+98+4==v0; }
-0.1, program{ if(!57){ out(15); }out(v0); while(98!=v0!=v1){ while(v1+v1){ while(v2/v3){ out(v0); }}}out(v3); }
-0.1, program{ if(61*v0!=16<54){ out(v0); }if(44*7<46||v0*v0||v0){ while(!v0){ v0=v1; }}v2=38&&v3/v2; }
-0.1, program{ out(v0); }
-0.1, program{ out(v0); }
-0.1, program{ out(v0); }
-0.1, program{ out(v4); }
-0.1, program{ out(v1); while(98/v0>50!=59){ in(v0); }in(v1); }
-0.1, program{ out(v1); }
-0.1, program{ out(v0); }
-0.1, program{ out(v0); }
-0.1, program{ out(v2); while(44>29){ in(v0); }v1=98; }
-0.1, program{ out(v0); }
-0.1, program{ out(v0); }
-0.1, program{ out(v4); if(43&&39||31&&v1<29==57){ out(v0); if(v2+28==v0&&65){ out(6); }}}
-0.1, program{ out(v0); v1=v2; }
-0.1, program{ out(v0); }
-0.1, program{ out(v4); }
-0.1, program{ v0=61/98/v0; if(!29<29){ in(v0); out(v1); }}
-0.1, program{ out(v2); }
-0.1, program{ out(v0); }
-0.1, program{ out(v0); }
-0.1, program{ out(v0); in(v4); }
-0.1, program{ v1=!v0>69+66; out(v0); while(v0&&33-v1!=v1<v2+64==89){ in(v2); }}
-0.1, program{ out(v2); }
-0.1, program{ out(v0); in(v0); if(v0>40<v0){ while(v0>v1||16){ v2=29; }while(!6/68){ while(91==70){ v1=90; }}}}
-0.1, program{ out(v0); if(98!=!v0*38&&v1){ while(45>37*91){ v0=71; }}}
-0.1, program{ out(v0); if(v1*v2&&68!=v2*55){ while(33!=98<v3>v4){ while(87*88){ out(v2); }}v4=87>v3; }}
-0.1, program{ out(v4); }
-0.1, program{ out(v0); }
-0.1, program{ out(v0); }
-0.1, program{ out(v0); }
-0.1, program{ out(v0); }
-0.1, program{ out(v0); }
-0.1, program{ out(v0); v0=61+71; if(28+v1&&v0+v2){ if(51/v0!=90){ in(v1); v2=9>v0; }}v3=v1-66; }
-0.1, program{ out(v2); in(v0); v1=v0; }
-0.1, program{ out(v2); }
-0.1, program{ out(v0); }
-0.1, program{ out(v0); }
-0.1, program{ out(v0); }
-0.1, program{ out(v4); }
-0.1, program{ out(v0); }
-0.1, program{ v1=!v0>69+66; if(57-66*v0==v2){ while(v2||v2){ out(46); }v3=83*v4-89; }out(v5); if(v2+!98&&92){ in(v1); }}
-0.1, program{ out(v4); }
-0.1, program{ if(v1-v0){ in(v2); v3=35; }out(v0); }
-0.1, program{ out(v0); v1=59; }
-0.1, program{ out(v1); in(v1); }
-0.1, program{ out(v1); }
-0.1, program{ out(v0); }
-0.1, program{ out(v0); in(v0); v1=v0; if(90&&44){ while(v1!=40==64){ out(v2); }}}
-0.1, program{ out(v0); v0=!45!=68==v1; in(v1); }
-0.1, program{ out(v0); if(v0/v0){ in(v0); in(v1); }}
-0.1, program{ out(v0); v0=v1; }
-0.1, program{ out(v0); }
-0.1, program{ out(v0); }
-0.1, program{ out(v4); while(53!=38*v1!=v1){ if(46||13+v0||v0){ while(26&&v2){ in(v2); }}}in(v2); }
-0.1, program{ out(v1); }
-0.1, program{ out(v0); in(v0); v1=v0; if(90&&44){ while(v1!=40==64){ out(v2); }}}
-0.1, program{ out(v0); }
-0.1, program{ out(v0); v0=75&&v0; }
-0.1, program{ out(v0); }
-0.1, program{ while(v3>83+68!=v5==v6){ out(55); }v1=18; out(v2); }
-0.1, program{ out(v0); }
-0.1, program{ v1=9; out(v0); if(v1||v2){ if(v1-!v0){ in(v3); }}}
-0.1, program{ out(v0); }
-0.1, program{ out(v1); }
-0.1, program{ out(v2); }
-0.1, program{ if(54+v0>v0<91){ out(v1); }v1=v2*91==87<v2<v2; }
-0.1, program{ out(v0); while(v0/v1/v1){ while(v0-v2==v0-v1){ while(64*v2){ in(v3); }}}}
-0.1, program{ v1=9; out(v0); if(v1||v2){ if(v1-!v0){ in(v3); }}}
-0.1, program{ out(v1); }
-0.1, program{ out(v0); }
-0.1, program{ out(v0); if(v0>87<7==v1){ if(v2/6||79){ if(69!=v0){ out(76); }while(48+v3){ out(70); }}out(v2); }v4=!v0&&v3==!v3; }
-0.1, program{ out(v0); }
-0.1, program{ out(v0); v1=66; }
-0.1, program{ out(v0); v0=48||5; }
-0.1, program{ out(v0); }
-0.1, program{ out(0); }
-0.1, program{ in(v0); out(v1); }
-0.1, program{ out(v0); while(!45/v0){ if(92!=v0+v0){ in(v0); }}}
-0.1, program{ out(v2); }
-0.1, program{ out(v2); }
-0.1, program{ out(v0); while(98!=53*68==61-!v1!=v1*v0){ in(v0); }if(88&&2||v1-38*v0<v1<v2){ v3=v2; if(73&&v1+v2){ v4=79; in(v2); }}}
-0.1, program{ out(v2); }
-0.1, program{ while(v0-v0&&21+v0){ out(v0); }out(v2); }
-0.1, program{ out(v1); }
-0.1, program{ out(v2); if(v1!=v1){ if(!71){ v1=29; if(33==26){ out(v2); out(38); }}in(v2); }}
-0.1, program{ out(v1); }
-0.1, program{ out(v0); }
-0.1, program{ in(v0); in(v3); out(v2); v4=73; }
-0.1, program{ out(v2); in(v1); }
-0.1, program{ out(v0); }
-0.1, program{ in(v0); out(v1); }
-0.1, program{ out(v2); }
-0.1, program{ v0=!v0!=98||v1; if(v1-!84<22*48){ out(v2); while(!90!=39*v3){ in(v1); }}}
-0.1, program{ out(v2); }
-0.1, program{ v1=41<79-v1-69; out(v2); }
-0.1, program{ out(v4); in(v1); if(70/!v0+84){ while(v2*53>66>73){ while(v0*39){ v0=v2; }}}v2=v0/v0>57<v0; }
-0.1, program{ out(v2); while(!v1/v2){ while(98<79){ in(v3); }}while(v1/6){ if(v0==!v1){ out(v1); while(18||49){ in(v2); }}}}
-0.1, program{ out(v0); }
-0.1, program{ v1=41<79-v1-69; out(v2); }
-0.1, program{ out(v1); }
-0.1, program{ out(v2); if(v1!=v1){ if(!71){ v1=29; if(33==26){ out(v2); out(38); }}in(v2); }}
-0.1, program{ out(v0); }
-0.1, program{ out(v4); }
-0.1, program{ in(v0); out(v1); in(v0); }
-0.1, program{ out(v2); in(v0); }
-0.1, program{ out(v0); }
-0.1, program{ out(v1); }
-0.1, program{ out(v0); }
-0.1, program{ out(v0); }
-0.1, program{ out(v0); }
-0.1, program{ out(v0); }
-0.1, program{ out(v2); }
-0.1, program{ out(v0); v1=v2; }
-0.1, program{ out(v2); }
-0.1, program{ out(v0); }
-0.1, program{ out(v0); }
-0.1, program{ out(v1); }
-0.1, program{ out(v0); }
-0.1, program{ out(v4); }
-0.1, program{ out(v0); }
-0.1, program{ out(v2); }
-0.1, program{ out(v0); }
-0.1, program{ out(v2); }
-0.1, program{ out(v4); }
-0.1, program{ out(v0); }
-0.1, program{ out(v1); }
-0.1, program{ while(66/100){ if(37&&37<v0){ v1=v0+98; if(v2==90){ out(v0); }}}out(v0); while(v1*1*36||v0<v0){ if(v2==v0>66&&v1){ if(43*v0){ v3=37; }}}}
-0.1, program{ out(v1); }
-0.1, program{ in(v2); in(v0); v1=9*90==v1<28*v1; v0=51; out(v1); }
-0.1, program{ v0=v1&&66||v0+91||79==75; out(v1); while(v0==v2){ v2=v1; }}
-0.1, program{ out(v0); }
-0.1, program{ out(v0); if(!61){ v1=76/84!=v2; while(92<71==v0){ while(9/v3){ in(v2); }}}}
-0.1, program{ out(v0); }
-0.1, program{ out(v3); while(v2||2||31/62-!v1-v1||13){ in(v0); }}
-0.1, program{ out(v3); while(v2||2||31/62-!v1-v1||13){ in(v0); }}
-0.1, program{ out(v0); }
-0.1, program{ out(v0); while(15<v0&&v1){ out(48); }}
-0.1, program{ out(v0); if(69+87+v1||v2){ in(v1); v2=91; }if(v0+v3){ while(56-49){ out(45); }}if(!v1!=v1/v1>v3!=52){ in(v3); }}
-0.1, program{ out(v4); }
-0.1, program{ out(v0); while(v0||!21<v0!=v1*v1){ out(v1); }}
-0.1, program{ out(v0); }
-0.1, program{ v2=91; out(v0); }
-0.1, program{ out(v0); if(33*92||73>v1){ in(v0); }}
-0.1, program{ out(v0); }
-0.1, program{ out(v0); }
-0.1, program{ out(v0); }
-0.1, program{ out(v0); v0=!v1; }
-0.1, program{ out(v0); }
-0.1, program{ out(v0); v1=v0==v2*6!=v1; }
-0.1, program{ out(v0); }
-0.1, program{ out(v0); while(v0||!21<v0!=v1*v1){ out(v1); }}
-0.1, program{ v0=v0; out(v0); if(!71&&v1==v1&&35){ while(46/v1){ v0=98<v2; }}v3=v4; if(48*76){ while(6==41/v5){ while(v4-1){ v6=37; }}in(v6); }while(v7||53&&68){ in(v8); }out(v3); while(98!=v9){ if(v2/v8){ while(36-1){ out(v3); }}}}
-0.1, program{ out(v1); while(v1||v0&&v1>v0){ in(v1); }if(!v1){ if(!70>v1){ in(v2); }in(v2); }}
-0.1, program{ out(v0); }
-0.1, program{ out(v0); in(v0); }
-0.1, program{ if(v0+v3){ while(56-49){ out(45); }}if(21+38&&v1){ while(v1/v1){ while(57>0){ in(v0); }}}out(v2); }
-0.1, program{ out(v2); if(v0!=66/83&&57-v1){ if(57/98!=!38){ while(v1&&44){ out(v0); }}if(1==v1+v0>v1){ v0=16; }}if(87||!92-53){ while(v1||62+38){ v1=v0*21; }in(v0); }}
-0.1, program{ out(v0); }
-0.1, program{ if(v1-v1){ out(v2); }out(v2); }
-0.1, program{ out(v0); }
-0.1, program{ out(v0); if(!61){ v1=76/84!=v2; while(92<71==v0){ while(9/v3){ in(v2); }}}}
-0.1, program{ out(v2); in(v0); if(v1!=70/70>v2){ if(29<v2!=48){ while(57/v1){ v3=15; }while(2>90){ out(v3); }}}}
-0.1, program{ out(v0); }
-0.1, program{ out(v0); if(69+87+v1||v2){ in(v1); v2=91; }if(v0+v3){ while(56-49){ out(45); }}if(!v1!=v1/v1>v3!=52){ in(v3); }}
-0.1, program{ while(4>52-v0||71>v1){ v1=38; }out(v0); }
-0.1, program{ out(v0); if(v0+v0){ if(38/64<v0){ v1=90!=v0; }}}
-0.1, program{ out(v2); }
-0.1, program{ out(v2); }
-0.1, program{ out(v0); }
-0.1, program{ v3=83; out(v0); }
-0.1, program{ out(v4); }
-0.1, program{ out(v0); }
-0.1, program{ out(v0); while(33-v1/16/46){ if(92&&v1&&56){ while(v0==v2){ v0=2; }}}while(v3!=37!=v1){ if(53||73){ while(v3-68){ out(38); }}}while(!v0){ out(v4); }}
-0.1, program{ out(v0); }
-0.1, program{ out(v2); }
-0.1, program{ if(v1-v1){ out(v2); }out(v1); }
-0.1, program{ while(v1/v1){ while(57>0){ in(v0); }}out(v1); while(!v1>64!=v2!=v3){ while(v2&&98<71-v0){ while(38>6){ v1=v0; }}}v4=53-64&&v4==v4!=41; }
-0.1, program{ out(v2); }
-0.1, program{ out(v4); in(v0); }
-0.1, program{ out(v0); while(33-v1/16/46){ if(92&&v1&&56){ while(v0==v2){ v0=2; }}}while(v3!=37!=v1){ if(53||73){ while(v3-68){ out(38); }}}while(!v0){ out(v4); }}
-0.1, program{ out(v3); v1=62-v0&&v0<73; }
-0.1, program{ out(v0); in(v1); }
-0.1, program{ out(v4); v1=!v1>68-v1; v2=53+v0&&100>v0; while(!v1<18-83-v3){ in(v2); }if(71+v2/36){ while(v3||50==98&&v4){ in(v4); }}while(66+1*v3<75){ out(45); }if(!v0||98||v5){ out(92); }out(v2); }
-0.1, program{ out(v3); if(!v1<v1||66!=29||98/53){ in(v1); }v2=92&&89!=18||v1-!16; }
-0.1, program{ out(v4); }
-0.1, program{ out(v1); v0=87; }
-0.1, program{ out(v1); }
-0.1, program{ out(v0); v1=25; v0=v2; }
-0.1, program{ out(v2); if(v0-v0){ while(v1-36-57){ in(v0); }}while(29<v2/v2>69!=v1){ in(v3); }in(v4); v0=16; }
-0.1, program{ out(v1); }
-0.1, program{ v2=73; out(v1); while(!v1>64!=v2!=v3){ while(v2&&98<71-v0){ while(38>6){ v1=v0; }}}v4=53-64&&v4==v4!=41; }
-0.1, program{ out(v4); in(v1); }
-0.1, program{ out(v2); }
-0.1, program{ out(v3); }
-0.1, program{ out(v2); in(v0); v1=v0!=50||v1*v2<v3; }
-0.1, program{ out(v2); }
-0.1, program{ out(v1); }
-0.1, program{ out(v3); }
-0.1, program{ out(v1); }
-0.1, program{ out(v0); }
-0.1, program{ out(v2); }
-0.1, program{ out(v2); }
-0.1, program{ out(v0); if(v0/16){ if(!1){ while(29*69){ in(v0); }in(v0); }}}
-0.1, program{ in(v1); while(48*v0<52<!9){ while(v0||29-v1+v2){ while(v1*v3){ in(v0); }}}out(v3); }
-0.1, program{ out(v3); }
-0.1, program{ out(v2); v0=84>6==v0+18-v1+v2-0; in(v0); }
-0.1, program{ in(v0); v0=57>36!=26; if(v1!=v1<v0){ while(v2&&33+v1){ out(38); }out(v3); }}
-0.1, program{ out(v0); if(v0/16){ if(!1){ while(29*69){ in(v0); }in(v0); }}}
-0.1, program{ out(v1); }
-0.1, program{ out(v2); }
-0.1, program{ out(v2); }
-0.1, program{ out(v4); }
-0.1, program{ out(v0); }
-0.1, program{ out(v1); v1=v1; }
-0.1, program{ out(v0); v0=36/v1-v1/6*v2; }
-0.1, program{ out(v1); }
-0.1, program{ out(v0); }
-0.1, program{ out(v2); if(0+v1-45||92||49==v1){ v1=44+v1-16<7; }}
-0.1, program{ out(v1); if(v1/64==v0/6-!46){ out(57); v2=v1; }}
-0.1, program{ v0=v0; out(v1); }
-0.1, program{ out(v0); }
-0.1, program{ out(v2); }
-0.1, program{ out(v4); }
-0.1, program{ out(v2); }
-0.1, program{ out(v0); in(v1); }
-0.1, program{ out(v2); }
-0.1, program{ out(v2); }
-0.1, program{ out(v2); while(v1+v0==v2*21>!91){ while(v3-28+v1){ v2=v2; }}out(48); }
-0.1, program{ out(v2); while(v1+v0==v2*21>!91){ while(v3-28+v1){ v2=v2; }}out(48); }
-0.1, program{ out(v1); }
-0.1, program{ out(v2); while(52==v0&&v1&&v0){ in(v1); }v1=v1/v0==v2*21-15-98+v0; }
-0.1, program{ out(v1); }
-0.1, program{ out(v2); }
-0.1, program{ out(v2); }
-0.1, program{ out(v4); v1=62!=v2<100-56>43; }
-0.1, program{ out(v1); if(61>v0/88*66){ while(v0/!v0){ if(29==69){ v0=v0; }}}}
-0.1, program{ out(v2); }
-0.1, program{ out(v2); in(v1); }
-0.1, program{ if(!v0){ out(v1); v0=!81; }}
-0.1, program{ out(v0); while(!v0/66/v0==61>57+v1){ if(70/64+87){ while(v2!=v2){ in(v1); }if(73+59){ in(v0); }}}}
-0.1, program{ out(v1); }
-0.1, program{ out(v2); }
-0.1, program{ out(v0); }
-0.1, program{ out(v0); }
-0.1, program{ out(v2); if(0+v1-45||92||49==v1){ v1=44+v1-16<7; }}
-0.1, program{ out(v2); while(v1<73!=39||50&&v2){ while(39+!v2){ while(9||v1){ in(v3); }}}out(v0); while(!84&&v3-v1&&5){ if(81||44||v1>v3){ v2=100; }}out(v0); }
-0.1, program{ out(v2); }
-0.1, program{ out(v2); while(v0-v1/54){ in(v2); }}
-0.1, program{ out(v4); while(v0==73){ if(22&&84!=v0){ in(v0); if(v0==64){ v0=v1; in(v2); }}}}
-0.1, program{ out(v4); v1=62!=v2<100-56>43; }
-0.1, program{ out(v0); }
-0.1, program{ out(v0); in(v0); in(v1); if(v2+v0+v1+v2-v0>77==v2){ in(v3); v4=90; }while(66||70){ in(v1); }if(!87*18*4){ while(v3-v2){ if(31-79){ in(v5); }}}}
-0.1, program{ out(v1); }
-0.1, program{ if(0+v1-45||92||49==v1){ v1=44+v1-16<7; }out(v2); if(!!v3&&15-v0){ out(v0); }while(70==v0||v2){ while(!25-v4*v5){ if(71>84){ v6=v3; }}}in(v3); }
-0.1, program{ v0=v0*v1||v2!=46*v2>v1; out(v1); }
-0.1, program{ out(v2); }
-0.1, program{ out(v2); }
-0.1, program{ out(v0); }
-0.1, program{ out(v2); }
-0.1, program{ out(v0); }
-0.1, program{ out(v4); in(v1); }
-0.1, program{ out(v0); }
-0.1, program{ out(v2); while(v1<73!=39||50&&v2){ while(39+!v2){ while(9||v1){ in(v3); }}}out(v0); while(!84&&v3-v1&&5){ if(81||44||v1>v3){ v2=100; }}out(v0); }
-0.1, program{ out(v2); }
-0.1, program{ v0=v1; if(84*v0){ v1=v2; }v0=1; out(v1); v1=v3+87>v3<v1-v2; while(15-v4!=76-v1){ while(5-v4-v0+v0){ v3=v0*48; }}out(v2); out(90); v5=v3!=v6<46; }
-0.1, program{ out(v1); }
-0.1, program{ out(v2); while(v1-v1){ if(69&&v2||48||v1){ while(!57){ out(92); }}}while(2-v1*v3!=62){ while(v1+v4!=v3){ if(!70){ in(v1); v5=61; }}}}
-0.1, program{ out(v1); }
-0.1, program{ out(v1); in(v1); }
-0.1, program{ out(v2); }
-0.1, program{ out(v0); }
-0.1, program{ out(v1); }
-0.1, program{ out(v0); }
-0.1, program{ out(v0); }
-0.1, program{ out(v2); v0=v1||v1<79==62||v0; in(v1); }
-0.1, program{ out(v0); in(v2); }
-0.1, program{ out(v0); }
-0.1, program{ out(v0); if(v1||v0){ while(29+51){ v2=88==49; }}v1=!!v2>!v0; }
-0.1, program{ out(v2); }
-0.1, program{ out(v0); }
-0.1, program{ out(v2); }
-0.1, program{ out(v2); v2=v3!=76||64-69-64&&v1; in(v3); }
-0.1, program{ out(v1); }
-0.1, program{ out(v0); v0=!v0<!84; }
-0.1, program{ out(v2); }
-0.1, program{ out(v2); v1=38; }
-0.1, program{ out(v1); }
-0.1, program{ out(v0); }
-0.1, program{ out(v1); }
-0.1, program{ if(81!=v0!=22+39<59){ out(v1); if(v0==v1*v0&&v0){ while(44/64){ in(v0); }}}v0=v0>!v0==18; }
-0.1, program{ if(v0||v2||v2){ if(v1!=28){ v2=39; if(v3==71){ out(64); out(v1); }}out(v1); }out(v0); in(v0); }
-0.1, program{ in(v0); v1=v2; out(v3); }
-0.1, program{ if(0+v1-45||92||49==v1){ v1=44+v1-16<7; }out(v2); if(!!v3&&15-v0){ out(v0); }while(70==v0||v2){ while(!25-v4*v5){ if(71>84){ v6=v3; }}}in(v3); }
-0.1, program{ out(v1); }
-0.1, program{ out(v1); }
-0.1, program{ v0=v4; in(v0); in(v0); out(v1); }
-0.1, program{ out(v2); while(98<66){ out(v1); }}
-0.1, program{ out(v1); }
-0.1, program{ out(v2); if(v1<15){ if(59-v2&&v2){ v1=v3&&54; }if(v1>v1){ while(v4||v1){ v3=v4; }}}v3=v1; while(48-9!=v2){ while(87-v4||v1){ if(v1!=v0){ v5=v3; }}}out(36); if(!87){ while(v4-98){ in(v2); }}while(v4<v2/26){ in(v5); }}
-0.1, program{ out(v2); v1=v0; }
-0.1, program{ out(v2); }
-0.1, program{ out(v0); while(v1+v1*v2==v1||v2){ v3=v1; }}
-0.1, program{ v1=48; if(v3&&35||90-v0||6/v1-64){ in(v1); }out(v4); v4=65<!v5/v3; }
-0.1, program{ out(v1); }
-0.1, program{ out(v1); }
-0.1, program{ out(v0); v1=77/v2||98==92>v3; }
-0.1, program{ out(v1); while(16<v1){ in(v1); }}
-0.1, program{ out(v1); }
-0.1, program{ out(v2); }
-0.1, program{ out(v1); }
-0.1, program{ out(v1); while(16<v1){ in(v1); }}
-0.1, program{ out(v0); }
-0.1, program{ out(v1); }
-0.1, program{ out(v2); if(!v0){ v0=91; v0=9*55; }while(v1&&v2+v2==v3&&2!=v2){ v2=v2>53||v1; }}
-0.1, program{ out(v0); in(v0); }
-0.1, program{ out(v1); }
-0.1, program{ out(v1); in(v0); }
-0.1, program{ out(v1); }
-0.1, program{ out(v3); v1=v0/32<55*2; }
-0.1, program{ out(v1); in(v0); }
-0.1, program{ out(v1); while(5/7){ while(v1||37+v1){ out(v2); }}}
-0.1, program{ out(v2); v1=v1; }
-0.1, program{ in(v0); if(v2&&!v2){ out(v2); v2=v1>90==v3; }out(v3); }
-0.1, program{ in(v0); out(v1); }
-0.1, program{ out(v2); v3=v0; }
-0.1, program{ out(v1); }
-0.1, program{ out(v2); if(!v0){ v0=91; v0=9*55; }while(v1&&v2+v2==v3&&2!=v2){ v2=v2>53||v1; }}
-0.1, program{ out(v0); in(v1); }
-0.1, program{ out(v0); }
-0.1, program{ v1=79; v0=!v0!=71||v1; out(v0); }
-0.1, program{ v1=79; v0=!v0!=71||v1; out(v0); }
-0.1, program{ out(v2); }
-0.1, program{ v1=79; v0=!v0!=71||v1; out(v0); }
-0.1, program{ out(v2); }
-0.1, program{ out(v0); }
-0.1, program{ out(v1); in(v0); while(2||v0){ if(2==v1){ in(v0); }}}
-0.1, program{ out(v2); }
-0.1, program{ out(v2); v1=v0; }
-0.1, program{ v3=v0; out(v1); }
-0.1, program{ if(v0>1/v0-v0){ if(65/21<v0){ while(49>90){ in(v0); }}}out(v0); }
-0.1, program{ if(v1<v1==54){ out(v2); }out(v1); while(v1/57){ if(v0==2){ if(!v1){ in(v2); v3=v2; }}}}
-0.1, program{ out(v1); }
-0.1, program{ in(v3); out(v1); in(v1); in(v0); while(31-64+v2!=!v1/v3/v1){ if(1&&v1>2-92){ while(71==v3){ out(28); }}}while(56!=!75){ in(v0); }}
-0.1, program{ out(v1); }
-0.1, program{ in(v2); out(v0); while(!55&&v0>v0+52){ while(87==v1>40){ out(v1); }}in(v1); }
-0.1, program{ out(v0); }
-0.1, program{ out(v1); }
-0.1, program{ v2=v1; out(v0); }
-0.1, program{ v2=v1; out(v0); }
-0.1, program{ out(v2); v1=v0; }
-0.1, program{ out(v1); v1=!v2*v2!=v0&&70; }
-0.1, program{ out(v0); if(v1<v1==54){ out(v2); }}
-0.1, program{ out(v1); in(v0); while(2||v0){ if(2==v1){ in(v0); }}}
-0.1, program{ out(v5); }
-0.1, program{ out(v2); if(v1<v1==54){ out(v2); }}
-0.1, program{ v3=v0; out(v1); }
-0.1, program{ v2=v1; out(v0); }
-0.1, program{ in(v0); in(v0); out(v1); if(38!=v2/0*v1){ if(29&&16-54+v1){ in(v2); }}v1=v3; }
-0.1, program{ out(v0); if(v2/v0-v0<v2+v2){ if(33/v1||16){ if(v0+v1){ in(v3); }while(!73){ out(v1); }}}}
-0.1, program{ v2=v2; out(v1); }
-0.1, program{ out(v0); }
-0.1, program{ out(v0); }
-0.1, program{ out(v2); if(v1!=16+v1-v2){ if(v3<v0){ out(64); }in(v3); }}
-0.1, program{ out(v0); }
-0.1, program{ out(v1); }
-0.1, program{ out(v1); }
-0.1, program{ out(v2); in(v0); }
-0.1, program{ out(v0); }
-0.1, program{ out(v1); }
-0.1, program{ out(v1); }
-0.1, program{ out(v1); }
-0.1, program{ out(v1); }
-0.1, program{ out(v1); }
-0.1, program{ out(v2); v1=!31; while(v0/v2>98<68-v1){ v0=61; }}
-0.1, program{ v0=75&&v2||v0; out(v1); }
-0.1, program{ out(v2); }
-0.1, program{ out(v0); if(v0||26>v0&&90){ in(v1); in(v1); }v0=v0; }
-0.1, program{ out(v2); in(v1); while(!84>v0-v2){ if(!v1==v1){ out(v0); }}}
-0.1, program{ out(v1); }
-0.1, program{ out(v0); }
-0.1, program{ out(v0); }
-0.1, program{ v0=v1/15&&!v0+v1*v2==79; out(v0); }
-0.1, program{ v2=v1; if(v0/6||48/v1){ in(v0); v2=v2; }if(!4||v2==66-v2&&56+v1){ out(v0); }v3=v2; }
-0.1, program{ out(v5); }
-0.1, program{ out(v1); while(!v0<89+v1||90){ if(6<v0!=84){ v1=91/6; }}while(66-90*92<v2){ v3=v1; }}
-0.1, program{ out(v0); }
-0.1, program{ out(v1); while(!100||91!=81-v0){ out(v0); }}
-0.1, program{ out(v0); }
-0.1, program{ out(v0); }
-0.1, program{ out(v0); }
-0.1, program{ v0=22||v1*v0; out(v1); }
-0.1, program{ v2=v1; out(v1); }
-0.1, program{ out(v1); }
-0.1, program{ out(v1); }
-0.1, program{ out(v1); }
-0.1, program{ out(v2); }
-0.1, program{ out(v2); }
-0.1, program{ out(v1); }
-0.1, program{ out(v1); while(v0||v1<v0==33==90!=66){ while(83/v1){ v1=v2<v0; }}}
-0.1, program{ out(v0); while(v1+43){ if(53+88||70){ while(!v0){ in(v1); }}}while(41<v0>v0){ v1=54; }out(v1); in(v2); v1=v0<76*38!=15; }
-0.1, program{ out(v0); while(37+v1){ if(v2-v1||v0){ while(39==v0){ out(2); }}}in(v0); }
-0.1, program{ out(v5); }
-0.1, program{ out(v0); v1=v2+55/v2+v0<49!=!28; }
-0.1, program{ out(v1); }
-0.1, program{ out(v1); if(v1||70){ in(v0); }in(v0); if(v2/38){ out(2); out(65); }}
-0.1, program{ out(v2); }
-0.1, program{ out(v0); }
-0.1, program{ out(v1); }
-0.1, program{ out(v1); in(v1); while(v0*v0){ in(v2); }}
-0.1, program{ out(v1); }
-0.1, program{ out(v1); }
-0.1, program{ out(v0); }
-0.1, program{ out(v1); }
-0.1, program{ out(v1); v1=v0; in(v1); }
-0.1, program{ out(v0); v0=29; in(v1); }
-0.1, program{ out(v0); v0=29; in(v1); }
-0.1, program{ out(v2); in(v0); }
-0.1, program{ out(v0); }
-0.1, program{ out(v1); }
-0.1, program{ v0=v1<v2||v3; if(!v1-29){ out(v1); in(v2); }}
-0.1, program{ out(v1); }
-0.1, program{ out(v0); }
-0.1, program{ out(v1); if(69+v0>v1-v0){ if(v1!=98-v2/91){ while(v1!=v0){ out(v1); }}while(71||v1==28&&15){ while(!59){ in(v1); }}}in(v3); }
-0.1, program{ out(v1); }
-0.1, program{ out(v0); }
-0.1, program{ in(v0); out(v1); if(v0+v0/1){ while(v1>v0+v2!=46){ v1=92; }}}
-0.1, program{ out(v1); }
-0.1, program{ out(v1); in(v1); while(v0*v0){ in(v2); }}
-0.1, program{ out(v1); v1=v0; if(61&&25!=v2/!18){ while(v1-v0+70){ v3=66; }}in(v0); }
-0.1, program{ out(v0); while(98||90/v1/56&&v2<56){ while(!83-54){ if(v2-2){ in(v3); }}}in(v1); if(v2<61+v1){ in(v0); }in(v3); }
-0.1, program{ out(v0); }
-0.1, program{ out(v0); if(v1||v0/41==2){ while(45*v2-v2){ v2=83; }v3=v1; }}
-0.1, program{ out(v0); }
-0.1, program{ out(v1); in(v0); }
-0.1, program{ out(v0); v1=v0-v2&&v3||5<49/v4; }
-0.1, program{ out(v0); }
-0.1, program{ out(v0); if(16+v0){ in(v1); }}
-0.1, program{ out(v0); while(73==v1||!50*v2&&v3-v1){ in(v3); }}
-0.1, program{ out(v2); }
-0.1, program{ out(v1); }
-0.1, program{ out(v1); }
-0.1, program{ out(v1); while(90==37*69>33){ while(76!=90>46){ out(v1); }}}
-0.1, program{ out(v0); while(55==71){ in(v0); }}
-0.1, program{ v0=!v1!=73/v2; out(v0); }
-0.1, program{ out(v0); v1=37; v2=91; }
-0.1, program{ out(v0); }
-0.1, program{ out(v0); while(v0/98==39==v0){ in(v2); }in(v2); v2=90/v0*55/v0!=v0>v3; }
-0.1, program{ if(v0||16){ v0=v1; if(v0<v2!=33){ out(v0); }}if(37&&v1+v0!=92-32){ while(22+v0){ in(v2); }}}
-0.1, program{ out(v1); }
-0.1, program{ out(v1); }
-0.1, program{ out(v0); }
-0.1, program{ out(v2); v1=v0; in(v1); }
-0.1, program{ out(v0); in(v0); }
-0.1, program{ out(v1); in(v0); }
-0.1, program{ out(v1); in(v1); if(!v0/53*25<v0){ if(!57>v0){ in(v1); in(v2); }while(!100>33){ in(v0); }}}
-0.1, program{ out(v1); while(90==37*69>33){ while(76!=90>46){ out(v1); }}}
-0.1, program{ out(v2); v1=v0; in(v1); }
-0.1, program{ v0=66&&v0&&v1/v1/56; if(!v2>!83+39){ out(v1); if(55==45){ in(v2); if(66*v0){ out(v1); in(v1); }}}}
-0.1, program{ out(v1); }
-0.1, program{ out(v0); }
-0.1, program{ out(v1); in(v1); if(!v0/53*25<v0){ if(!57>v0){ in(v1); in(v2); }while(!100>33){ in(v0); }}}
-0.1, program{ out(v2); in(v0); }
-0.1, program{ out(v1); }
-0.1, program{ out(v0); }
-0.1, program{ v0=66&&v0&&v1/v1/56; out(v1); }
-0.1, program{ out(v1); }
-0.1, program{ out(v2); }
-0.1, program{ out(v1); }
-0.1, program{ v0=13; out(v4); }
-0.1, program{ out(v0); }
-0.1, program{ out(v1); in(v1); }
-0.1, program{ out(v1); }
-0.1, program{ out(v0); }
-0.1, program{ out(v1); while(v0<!v0==65+6){ in(v1); }in(v0); }
-0.1, program{ out(v0); }
-0.1, program{ out(v0); }
-0.1, program{ out(v1); }
-0.1, program{ out(v0); }
-0.1, program{ out(v3); }
-0.1, program{ out(v5); while(v1+61<v2&&21!=68){ in(v0); }}
-0.1, program{ out(v0); }
-0.1, program{ in(v1); while(v1>35/66+!9>v0){ out(v1); }out(v2); }
-0.1, program{ out(v0); }
-0.1, program{ out(v0); }
-0.1, program{ out(v1); }
-0.1, program{ out(v2); }
-0.1, program{ out(v0); }
-0.1, program{ v0=66&&v0&&v1/v1/56; out(v1); }
-0.1, program{ out(v1); while(v1&&v1){ v0=!v0*!57; }}
-0.1, program{ out(v2); }
-0.1, program{ out(v1); }
-0.1, program{ out(v0); }
-0.1, program{ v3=v4-v2; out(v4); }
-0.1, program{ out(v2); while(98==98||v0||v1){ if(v1+v2>38){ out(76); }}}
-0.1, program{ out(v2); }
-0.1, program{ v0=92; out(v1); }
-0.1, program{ out(v0); }
-0.1, program{ out(v0); }
-0.1, program{ out(v2); }
-0.1, program{ out(v0); }
-0.1, program{ out(v2); in(v1); }
-0.1, program{ out(v1); if(1/v0||39&&v0){ v1=v1; }}
-0.1, program{ out(v0); }
-0.1, program{ out(v1); in(v1); }
-0.1, program{ out(v2); }
-0.1, program{ out(v1); in(v0); in(v0); }
-0.1, program{ while(43<4*79==v2*v2){ if(55==v0){ out(v1); }}v1=!v1>v1==v2; out(v0); }
-0.1, program{ out(v1); }
-0.1, program{ out(v1); if(65&&84||55+46>v0/v0){ while(48==v1){ out(v1); }}while(v2>!21>v2){ while(18==v1){ out(v1); }}}
-0.1, program{ v0=13; out(v1); }
-0.1, program{ out(v1); in(v1); }
-0.1, program{ v0=13; out(v1); }
-0.1, program{ out(v0); }
-0.1, program{ out(v2); }
-0.1, program{ out(v2); }
-0.1, program{ out(v0); v1=31!=36; }
-0.1, program{ if(76*48){ out(v0); v2=64; }in(v0); if(41<v0*83+46||v0){ v1=v2; if(v3+18+15){ v2=v0==v2; }}while(18==48){ while(v3!=18){ if(v0>v3){ v3=79; v2=v1; }}}v3=44; if(v1*v1){ if(v0/92+v3){ while(v1/v2){ in(v1); }v1=48!=v0; }}}
-0.1, program{ in(v0); in(v0); v1=71; if(!v1-v1<21/18){ if(!v0){ v2=61; }}out(v3); in(v2); }
-0.1, program{ v0=13; out(v1); }
-0.1, program{ out(v4); in(v1); }
-0.1, program{ out(v1); }
-0.1, program{ out(v1); }
-0.1, program{ out(v0); }
-0.1, program{ out(v2); if(!v0){ if(v0==v1&&v0){ in(v2); v1=70+40; }}if(v0<v3>v4>38){ out(39); in(v4); }}
-0.1, program{ out(v1); if(v0&&v1+64*52){ v0=76<92; }}
-0.1, program{ out(v0); }
-0.1, program{ out(v1); in(v1); }
-0.1, program{ out(v0); if(v1==41>v2*76-!38){ in(v1); v2=v2+38&&2; }}
-0.1, program{ out(v0); }
-0.1, program{ v0=57; out(v2); }
-0.1, program{ out(v1); }
-0.1, program{ out(v1); v1=98>!v2<v0; while(52&&37>v1-9){ if(44==76!=73){ if(v0||v3){ in(v1); }}}}
-0.1, program{ out(v0); }
-0.1, program{ out(v0); }
-0.1, program{ out(v0); }
-0.1, program{ out(v2); in(v1); in(v2); }
-0.1, program{ out(v0); }
-0.1, program{ out(v2); }
-0.1, program{ out(v1); }
-0.1, program{ out(v1); }
-0.1, program{ out(v0); if(v0+36/v1*57!=64/29){ while(v2/v3||v1&&v2){ out(98); }}while(v1!=64!=v2>v2){ v4=71!=45<v4+37; }}
-0.1, program{ out(v0); }
-0.1, program{ out(v2); }
-0.1, program{ out(v4); }
-0.1, program{ out(v0); if(v1==41>v2*76-!38){ in(v1); v2=v2+38&&2; }}
-0.1, program{ out(v0); in(v1); while(89==79/87!=v1-v0){ if(v1&&v1-v1){ in(v0); }}}
-0.1, program{ out(v2); in(v0); }
-0.1, program{ out(v2); }
-0.1, program{ out(v0); }
-0.1, program{ v3=26*v2; out(v0); }
-0.1, program{ out(v0); }
-0.1, program{ out(v2); in(v0); }
-0.1, program{ out(v1); }
-0.1, program{ out(v1); }
-0.1, program{ out(v0); while(!68){ in(v0); }}
-0.1, program{ out(v1); }
-0.1, program{ out(v0); while(v1<v2+v1){ out(v0); }if(!57-98*v0>v3){ out(v2); }v0=v4; if(v3&&77||53==v1==66){ in(v5); in(v6); }if(!v3!=13+45==v0+v6/v0){ in(v6); }}
-0.1, program{ out(v1); }
-0.1, program{ out(v3); }
-0.1, program{ out(v3); }
-0.1, program{ out(v0); v0=!v0*15>90; }
-0.1, program{ out(v2); }
-0.1, program{ out(v1); if(v0/26){ if(57!=2){ while(62-53){ in(v0); }}}}
-0.1, program{ out(v2); }
-0.1, program{ out(v0); if(v0&&v0!=2+98){ in(v1); }while(v1-46-28<51&&v0){ v1=66; }}
-0.1, program{ out(v0); if(v0&&v0!=2+98){ in(v1); }while(v1-46-28<51&&v0){ v1=66; }}
-0.1, program{ out(v0); while(66*44){ if(v1&&v2||v3&&61){ v3=v3!=33; }}out(v2); in(v3); out(v0); }
-0.1, program{ v0=v0==v1||v1/81+v2; out(v2); while(2<55||v1){ v2=v1; }if(v1>35>v1&&v1||v2){ if(v1&&81){ out(v3); v0=!v2; }v3=52; }}
-0.1, program{ v0=21+59||v0>66*40; v1=v2; out(v2); }
-0.1, program{ if(29!=53){ out(v0); }}
-0.1, program{ v1=v0&&v0!=v0-v2; in(v1); out(v2); while(!v1){ v0=1+v3+90; }if(69||98==100){ out(22); if(v4||v4>9){ v5=98>v5; in(v5); }}}
-0.1, program{ out(v2); while(66*44){ if(v1&&v2||v3&&61){ v3=v3!=33; }}out(v2); in(v3); out(v0); }
-0.1, program{ out(v1); }
-0.1, program{ out(v1); in(v0); }
-0.1, program{ out(v1); }
-0.1, program{ out(v3); }
-0.1, program{ out(v2); in(v0); }
-0.1, program{ out(v2); }
-0.1, program{ out(v0); }
-0.1, program{ out(v1); }
-0.1, program{ if(9<1==21==!79){ out(v0); }if(v0>v0){ out(v1); while(v2<v2){ while(v2/v1){ v0=40; }}}while(90>16){ in(v1); }}
-0.1, program{ out(v0); }
-0.1, program{ out(v0); }
-0.1, program{ out(v0); }
-0.1, program{ while(2<55||v1){ v2=v1; }out(v0); }
-0.1, program{ out(v2); }
-0.1, program{ out(v2); }
-0.1, program{ out(v1); }
-0.1, program{ out(v2); }
-0.1, program{ out(v2); if(v0+v0){ if(v1/70>65!=v0){ while(64||v0){ out(v2); }}out(50); }v1=v0>45+!v2+71; }
-0.1, program{ out(v0); if(!v0!=79&&79||v0-v1){ if(83+v0!=v1!=v2){ v1=v2==v0; if(!v3){ in(v3); }}}v3=89/92!=v1!=44; }
-0.1, program{ out(v3); }
-0.1, program{ out(v1); in(v0); v0=36; while(v0!=61<37&&77){ if(!90!=70>v0){ while(37!=77){ in(v0); }}}}
-0.1, program{ out(v0); v0=!v0; }
-0.1, program{ out(v2); }
-0.1, program{ out(v0); if(v2<48!=13!=v1){ in(v3); }in(v1); }
-0.1, program{ out(v2); }
-0.1, program{ out(v2); }
-0.1, program{ out(v2); }
-0.1, program{ while(!v0*v0>53&&98-!70){ if(v0*v0<38){ v0=!v1; }}out(v2); if(45/66+v1){ in(v1); out(v3); }}
-0.1, program{ out(v0); while(33<v1<75){ if(v0/13+v2){ if(36==v1){ in(v2); }in(v3); }}}
-0.1, program{ out(v0); in(v0); while(70<48){ while(v1&&53+v2){ in(v0); }}}
-0.1, program{ out(v2); }
-0.1, program{ out(v2); }
-0.1, program{ if(26==4+81-v1){ in(v2); if(v1-52!=52==6){ if(v2<v0){ in(v2); }}}out(v0); }
-0.1, program{ v0=2; out(v1); }
-0.1, program{ out(v2); }
-0.1, program{ out(v0); }
-0.1, program{ out(v1); v1=!89+v2>v0==v3; v1=v0; }
-0.1, program{ out(v2); }
-0.1, program{ out(v0); }
-0.1, program{ out(v0); v1=v0||v1+39*29<!v1!=64&&v0; }
-0.1, program{ out(v0); }
-0.1, program{ out(v4); }
-0.1, program{ out(v1); if(v0/26){ if(57!=2){ while(62-53){ in(v0); }}}}
-0.1, program{ v4=v5||v5; v1=v2/v3&&98+v1==75; if(18-!45!=81){ in(v1); }out(v3); if(83>v1!=48<v2==52){ out(55); }}
-0.1, program{ out(v2); in(v0); }
-0.1, program{ out(v1); if(v0/26){ if(57!=2){ while(62-53){ in(v0); }}}}
-0.1, program{ out(v1); }
-0.1, program{ if(66!=28){ in(v3); }if(26<v1&&v2||v3<71){ out(v4); }}
-0.1, program{ out(v2); }
-0.1, program{ out(v0); }
-0.1, program{ out(v2); }
-0.1, program{ out(v2); }
-0.1, program{ out(v0); }
-0.1, program{ out(v0); in(v0); }
-0.1, program{ out(v2); }
-0.1, program{ out(v3); if(!51*49&&v1/92){ while(76-90||38){ while(v2/71){ in(v0); }}out(v0); }while(9/1){ in(v3); }v1=v3||90-61-22; }
-0.1, program{ out(v0); }
-0.1, program{ out(v2); }
-0.1, program{ out(v4); while(!v1&&v0>!v1&&v2){ in(v2); }while(!v3){ out(6); }out(v1); }
-0.1, program{ out(v2); in(v1); }
-0.1, program{ out(v2); }
-0.1, program{ out(v0); v1=!7&&28; in(v1); }
-0.1, program{ out(v2); if(v0*21||v0-36){ while(v0+100*v0){ in(v1); }in(v2); }while(32*v2>v2&&92<v0<v1&&v3){ out(v2); }}
-0.1, program{ out(v2); }
-0.1, program{ out(v2); }
-0.1, program{ out(v0); while(87!=50-25&&v1){ while(v0+v0/v2){ while(v2+31){ out(90); }}}while(v2||79/52!=v2){ while(v3>73){ while(71==v4){ out(98); }}}}
-0.1, program{ out(v4); }
-0.1, program{ out(v2); }
-0.1, program{ out(v4); while(87!=50-25&&v1){ while(v0+v0/v2){ while(v2+31){ out(90); }}}while(v2||79/52!=v2){ while(v3>73){ while(71==v4){ out(98); }}}}
-0.1, program{ out(v2); }
-0.1, program{ out(v0); if(v0||v1<v2/v3){ out(v3); out(v0); }}
-0.1, program{ out(v2); }
-0.1, program{ out(v2); }
-0.1, program{ v1=33+v2+64; out(v0); in(v0); if(!v1-v2==36==70&&v2){ v2=v3; }}
-0.1, program{ out(v0); v0=v0+v1; }
-0.1, program{ out(v2); }
-0.1, program{ out(v0); if(50&&v0==51!=29&&!16){ v1=v2==v1; while(38/v1!=v2){ out(25); }}}
-0.1, program{ out(v0); in(v0); }
-0.1, program{ out(v2); }
-0.1, program{ out(v1); }
-0.1, program{ out(v1); }
-0.1, program{ out(v3); }
-0.1, program{ out(v0); }
-0.1, program{ out(v0); }
-0.1, program{ out(v2); }
-0.1, program{ out(v2); }
-0.1, program{ out(v1); v2=v3; }
-0.1, program{ out(v3); }
-0.1, program{ if(v0<73||v0<53){ out(v0); in(v1); }}
-0.1, program{ out(v3); }
-0.1, program{ out(v0); }
-0.1, program{ out(v2); in(v1); while(v2>v3+33!=v3){ v4=66; }}
-0.1, program{ out(v0); v1=v2&&49+29&&64; }
-0.1, program{ out(v3); }
-0.1, program{ out(v2); }
-0.1, program{ v2=52; if(64-v2!=v1){ v0=v0; out(v1); }}
-0.1, program{ out(v2); while(v1!=90==v0>v2==!v2){ while(53==v2!=43){ if(v2<15){ v3=v3; }}}if(55*v1!=73||v3==v3){ while(90||v2){ in(v3); }v0=57; }if(v0||53+48){ v1=88+76||v3==v1; while(v3/33!=54>v4){ out(v1); }}if(31+v0){ while(v3||61){ in(v2); }}}
-0.1, program{ in(v0); out(v1); }
-0.1, program{ out(v0); }
-0.1, program{ out(v0); }
-0.1, program{ out(v0); v1=v2&&49+29&&64; }
-0.1, program{ out(v4); while(v1!=!55){ in(v0); }}
-0.1, program{ out(v2); }
-0.1, program{ out(v2); in(v0); }
-0.1, program{ out(v3); }
-0.1, program{ out(v2); while(v1/40||68==29||v0!=92){ v0=v2; }}
-0.1, program{ if(65&&v0&&v0){ out(37); if(87*v0<v0){ while(61&&v1){ out(v0); }}}out(v2); }
-0.1, program{ out(v2); while(v1!=90==v0>v2==!v2){ while(53==v2!=43){ if(v2<15){ v3=v3; }}}if(55*v1!=73||v3==v3){ while(90||v2){ in(v3); }v0=57; }if(v0||53+48){ v1=88+76||v3==v1; while(v3/33!=54>v4){ out(v1); }}if(31+v0){ while(v3||61){ in(v2); }}}
-0.1, program{ out(v0); }
-0.1, program{ out(v0); }
-0.1, program{ out(v0); }
-0.1, program{ v0=v0; out(v0); }
-0.1, program{ out(v2); v1=43; }
-0.1, program{ out(v0); while(81==v2<32*!v2){ v2=83; }}
-0.1, program{ if(26<v1&&v2||v3<71){ out(v4); }}
-0.1, program{ out(v0); }
-0.1, program{ out(v0); }
-0.1, program{ out(v2); }
-0.1, program{ out(v1); }
-0.1, program{ out(v2); v1=v0; }
-0.1, program{ in(v3); out(v0); while(15*57){ v1=55!=v1!=v2; }}
-0.1, program{ out(v0); }
-0.1, program{ out(v0); }
-0.1, program{ in(v1); out(v3); }
-0.1, program{ out(v2); }
-0.1, program{ out(v2); }
-0.1, program{ out(v1); }
-0.1, program{ out(v0); }
-0.1, program{ out(v0); }
-0.1, program{ out(v2); }
-0.1, program{ out(v2); v1=v1||!v1>!41>13; while(v0!=76-v1==83-88){ if(v1||41!=v0){ if(v0==32){ v1=9; out(79); }}}v1=83; }
-0.1, program{ out(v0); while(v1+29>v0||33){ in(v1); }out(v1); }
-0.1, program{ out(v1); }
-0.1, program{ in(v3); out(v0); while(15*57){ v1=55!=v1!=v2; }}
-0.1, program{ out(v1); }
-0.1, program{ out(v0); }
-0.1, program{ out(v0); }
-0.1, program{ out(v1); }
-0.1, program{ out(v0); }
-0.1, program{ out(v2); }
-0.1, program{ out(v2); }
-0.1, program{ out(v4); }
-0.1, program{ out(v0); }
-0.1, program{ out(v4); in(v0); }
-0.1, program{ out(v2); }
-0.1, program{ out(v2); }
-0.1, program{ out(v0); }
-0.1, program{ out(v1); if(71==v0){ in(v0); in(v1); }while(48==4&&v1==21+9){ if(!!v1){ v0=90&&v1; if(13-61){ v1=18; }}}}
-0.1, program{ out(v2); }
-0.1, program{ out(v2); if(92/28){ v1=!16&&55; }}
-0.1, program{ out(v2); while(22&&v0==v1!=55){ v1=9!=v0||!37; }}
-0.1, program{ out(v0); }
-0.1, program{ out(v2); in(v0); while(v1/v1!=v0+v1){ if(!v2||v3){ v2=!22; }}}
-0.1, program{ out(v2); in(v1); }
-0.1, program{ out(v1); while(v1&&31||v2){ out(59); }}
-0.1, program{ out(v0); v0=v1||v1||v2-v1/v3; }
-0.1, program{ while(v0||!v1/26){ v2=0; }out(v1); in(v1); }
-0.1, program{ out(v2); }
-0.1, program{ out(v0); }
-0.1, program{ out(v3); }
-0.1, program{ out(v0); if(v0/v0){ v0=v0; v1=!56>v2; }while(98<v0+57||73*40){ in(v1); }in(v1); v0=v1; }
-0.1, program{ out(v1); }
-0.1, program{ out(v2); }
-0.1, program{ out(v0); while(37<v0||v0-v1/98){ out(75); }}
-0.1, program{ out(v0); }
-0.1, program{ out(v0); }
-0.1, program{ out(v4); v1=83; v1=56; }
-0.1, program{ out(v2); }
-0.1, program{ if(v1-79*v2&&v3-64){ if(!77){ out(v3); }}out(v3); if(71>v2/v3/v1-13*38){ v0=!v1; }if(v1*v4<48>29||v4){ if(35<v3<90){ in(v2); }}if(v1==v0&&40||v4){ out(33); }}
-0.1, program{ in(v0); while(6||v1>88-70==v2){ in(v0); }out(v1); }
-0.1, program{ out(v4); }
-0.1, program{ out(v2); if(92/28){ v1=!16&&55; }}
-0.1, program{ out(v0); }
-0.1, program{ out(v0); in(v0); }
-0.1, program{ out(v1); }
-0.1, program{ out(v4); v1=83; v1=56; }
-0.1, program{ out(v2); if(46-v1){ v0=37/v1; in(v1); }}
-0.1, program{ out(v2); in(v0); }
-0.1, program{ out(v2); }
-0.1, program{ v2=v0; v2=57; if(v2-57&&v3>77){ in(v1); if(53*v4){ while(0-9){ v3=v2; }}}in(v0); out(v4); if(40-v3<29&&18&&37){ if(0*v4||!66){ if(45>v5){ out(v6); }}}v2=81>2*v2; v3=!v0&&62<64; }
-0.1, program{ out(v2); in(v0); }
-0.1, program{ out(v2); }
-0.1, program{ out(v2); }
-0.1, program{ out(v0); }
-0.1, program{ out(v2); in(v0); }
-0.1, program{ out(v3); in(v0); }
-0.1, program{ in(v0); out(v1); }
-0.1, program{ out(v2); }
-0.1, program{ while(v1-v1){ v0=21; }out(v1); }
-0.1, program{ out(v4); }
-0.1, program{ out(v2); while(!79<79<v0==v0){ in(v0); }in(v1); }
-0.1, program{ out(v2); if(!v1*98+v1<7){ while(v2||v2-!5){ if(v2==29){ v1=79; }}in(v2); }}
-0.1, program{ out(v4); while(70!=v0){ v1=!77!=4>v2; }while(!51*57/v2){ v3=71; }}
-0.1, program{ out(v4); while(70!=v0){ v1=!77!=4>v2; }while(!51*57/v2){ v3=71; }}
-0.1, program{ out(v2); if(92/28){ v1=!16&&55; }}
-0.1, program{ out(v2); }
-0.1, program{ out(v1); }
-0.1, program{ out(v2); }
-0.1, program{ out(v2); if(92/28){ v1=!16&&55; }}
-0.1, program{ out(v2); }
-0.1, program{ out(v2); }
-0.1, program{ out(v3); }
-0.1, program{ out(v0); }
-0.1, program{ out(v2); while(2>40>v0||64){ v0=v1; }}
-0.1, program{ out(v0); in(v1); }
-0.1, program{ out(v0); in(v0); }
-0.1, program{ out(v2); while(2>40>v0||64){ v0=v1; }}
-0.1, program{ out(v1); }
-0.1, program{ out(v1); }
-0.1, program{ out(v2); }
-0.1, program{ out(v0); while(39-v0+v1==v0/v2&&v0){ v2=35; }}
-0.1, program{ out(v2); in(v0); }
-0.1, program{ out(v1); while(53==v0){ while(v0<!v1){ out(v0); }}while(53!=75){ in(v2); }}
-0.1, program{ out(v2); }
-0.1, program{ out(v1); }
-0.1, program{ out(v1); in(v1); }
-0.1, program{ out(v1); }
-0.1, program{ if(v0>26||v0-66){ out(v0); }}
-0.1, program{ out(v0); }
-0.1, program{ out(v0); }
-0.1, program{ out(v2); }
-0.1, program{ out(v2); }
-0.1, program{ in(v3); out(v1); while(!57){ if(69/v0-v2){ out(9); }}while(v3>91!=v0){ out(29); }}
-0.1, program{ out(v0); }
-0.1, program{ out(v2); }
-0.1, program{ out(v1); }
-0.1, program{ out(v0); }
-0.1, program{ out(v1); }
-0.1, program{ out(v4); }
-0.1, program{ out(v1); if(v1||15>!v1){ in(v2); in(v1); }in(v1); }
-0.1, program{ out(v0); }
-0.1, program{ out(v2); while(v0+83!=100-53){ if(!98||61/49){ while(v0!=65){ out(7); }}}}
-0.1, program{ in(v0); out(v1); }
-0.1, program{ out(v2); }
-0.1, program{ out(v1); }
-0.1, program{ out(v0); }
-0.1, program{ out(v3); if(89<!v0==v1>v1){ v1=v0-79!=46; if(53-13){ out(v1); }}}
-0.1, program{ out(v1); }
-0.1, program{ out(v0); }
-0.1, program{ out(v0); }
-0.1, program{ out(v1); }
-0.1, program{ out(v1); }
-0.1, program{ out(v0); }
-0.1, program{ out(v2); in(v0); }
-0.1, program{ out(v2); }
-0.1, program{ in(v0); out(v1); v2=v2-v3; }
-0.1, program{ out(v1); }
-0.1, program{ out(v0); }
-0.1, program{ out(v1); }
-0.1, program{ out(v2); while(2>40>v0||64){ v0=v1; }}
-0.1, program{ out(v0); }
-0.1, program{ out(v0); v1=2; }
-0.1, program{ while(28<43>98==64==33>16+71&&v0){ v0=v1; }out(v2); }
-0.1, program{ v0=v0<54||v1||v0+29; out(v1); }
-0.1, program{ out(v2); in(v1); }
-0.1, program{ out(v0); }
-0.1, program{ out(v0); }
-0.1, program{ in(v2); if(v0-v1!=v1+v0){ v2=v0; }out(v3); }
-0.1, program{ if(v1&&v0){ while(57==56){ v2=v2; }v1=v0+v0; }out(v1); if(!57!=18||v1+70>v2/73){ v2=v2; }}
-0.1, program{ out(v2); in(v1); if(v0-v0){ if(70&&v0){ out(87); if(v0==9){ out(v1); in(v1); }}in(v1); }in(v1); }
-0.1, program{ out(v0); }
-0.1, program{ out(v1); }
-0.1, program{ out(v1); }
-0.1, program{ if(70&&v0){ out(87); if(v0==9){ out(v1); in(v1); }}in(v1); out(v0); while(!90){ v1=v2; }v2=65==29-6||40; while(!57*v2!=v3!=66){ out(37); }while(v2&&v1){ if(54!=v4/64){ in(v3); }}}
-0.1, program{ out(v0); v0=!64&&84; }
-0.1, program{ out(v2); }
-0.1, program{ out(v2); }
-0.1, program{ out(v1); in(v0); }
-0.1, program{ out(v0); v1=83<2==v1>!v0-v2==50; }
-0.1, program{ out(v0); }
-0.1, program{ out(v2); while(64+v1>v2>26&&v3){ in(v0); }out(51); }
-0.1, program{ out(v0); while(16*55==71<v1-66*v0&&33){ v0=98!=98*v1; }while(55*v0&&79*92){ out(v0); }if(v1!=v1&&87/v0){ out(v2); }}
-0.1, program{ out(v1); }
-0.1, program{ in(v0); out(v1); }
-0.1, program{ out(v2); in(v1); if(v0-v0){ if(70&&v0){ out(87); if(v0==9){ out(v1); in(v1); }}in(v1); }in(v1); }
-0.1, program{ out(v1); if(v1/28*v1>v0){ v2=v1*0||v3*v3; }}
-0.1, program{ out(v0); }
-0.1, program{ out(v1); }
-0.1, program{ in(v0); out(v1); }
-0.1, program{ out(v2); }
-0.1, program{ out(v2); }
-0.1, program{ out(v2); }
-0.1, program{ out(v1); }
-0.1, program{ out(v2); }
-0.1, program{ out(v2); }
-0.1, program{ if(v1&&v0){ while(57==56){ v2=v2; }v1=v0+v0; }out(v1); if(!57!=18||v1+70>v2/73){ v2=v2; }}
-0.1, program{ v0=v6; v0=!6/55*v1/v2<98/v1; if(62*45<v2-v3!=25){ out(v3); }}
-0.1, program{ out(v1); }
-0.1, program{ out(v1); v1=56; }
-0.1, program{ out(v2); }
-0.1, program{ out(v0); v1=2; }
-0.1, program{ out(v1); }
-0.1, program{ out(v1); }
-0.1, program{ out(v0); while(16*55==71<v1-66*v0&&33){ v0=98!=98*v1; }while(55*v0&&79*92){ out(v0); }if(v1!=v1&&87/v0){ out(v2); }}
-0.1, program{ out(v1); }
-0.1, program{ out(v0); while(16*55==71<v1-66*v0&&33){ v0=98!=98*v1; }while(55*v0&&79*92){ out(v0); }if(v1!=v1&&87/v0){ out(v2); }}
-0.1, program{ out(v1); }
-0.1, program{ if(81-88){ out(v0); while(v1/39&&32<68){ v2=v2; }}}
-0.1, program{ out(v1); }
-0.1, program{ out(v0); }
-0.1, program{ out(v0); }
-0.1, program{ out(v1); }
-0.1, program{ out(v3); }
-0.1, program{ out(v6); v0=!v1-v0+0>15&&28; }
-0.1, program{ out(v0); }
-0.1, program{ out(v1); }
-0.1, program{ out(v1); }
-0.1, program{ v1=2; if(15>v1!=49){ in(v1); }out(v2); in(v0); }
-0.1, program{ out(v2); if(v0*v0||56*15&&v1){ v1=53; while(55+62){ v2=v1; }}if(!v0!=25/76+0&&15){ in(v1); }}
-0.1, program{ out(v1); }
-0.1, program{ out(v2); }
-0.1, program{ out(v1); }
-0.1, program{ out(v1); if(v0*v0||56*15&&v1){ v1=53; while(55+62){ v2=v1; }}if(!v0!=25/76+0&&15){ in(v1); }}
-0.1, program{ out(v2); }
-0.1, program{ out(v1); in(v0); in(v0); }
-0.1, program{ out(v1); }
-0.1, program{ out(v1); }
-0.1, program{ out(v0); }
-0.1, program{ v0=v1&&v1-v0; out(v2); }
-0.1, program{ out(v3); }
-0.1, program{ out(v0); }
-0.1, program{ out(v2); }
-0.1, program{ out(v2); }
-0.1, program{ v2=v1/v1; if(66*48!=v0*v0||v0){ if(64+v2){ while(v0+70){ in(v3); }if(v0+v0){ out(55); v1=v2; }}if(v2!=54||59){ in(v0); if(!v0){ in(v0); out(v4); }}}out(v1); v4=84/v4==v5/2; while(v6-53){ while(41-44<v1){ if(v1>v3){ out(33); }}}out(56); while(33-54||v3>v5||v4){ v4=v4; }}
-0.1, program{ out(v2); }
-0.1, program{ out(v0); }
-0.1, program{ out(v0); }
-0.1, program{ out(v1); }
-0.1, program{ out(v0); in(v1); v2=38; }
-0.1, program{ out(v0); in(v0); while(92&&48){ if(92<v0<v0>98){ out(v0); }}}
-0.1, program{ out(v2); }
-0.1, program{ v0=0; while(v0<6==v0==21*90){ in(v1); }out(v2); if(v0>37||v3+v3){ v0=15!=73-v4&&v3; out(21); }}
-0.1, program{ out(v2); }
-0.1, program{ out(v2); }
-0.1, program{ out(v2); }
-0.1, program{ out(v2); v1=v1==53; in(v1); }
-0.1, program{ out(v2); }
-0.1, program{ v1=v1==53; v1=25+v1!=33; out(v2); }
-0.1, program{ out(v1); if(v1-71*v1&&v0){ in(v1); if(v1+1>v1!=v2){ v3=9; v0=v1-100; }}}
-0.1, program{ out(v1); }
-0.1, program{ out(v0); in(v0); }
-0.1, program{ out(v1); }
-0.1, program{ out(v2); }
-0.1, program{ out(v2); }
-0.1, program{ out(v2); }
-0.1, program{ in(v0); in(v0); out(v1); }
-0.1, program{ out(v1); v1=32<29-91!=v2; }
-0.1, program{ out(v2); }
-0.1, program{ out(v1); v0=!51==v1&&88; }
-0.1, program{ out(v0); }
-0.1, program{ out(v1); }
-0.1, program{ out(v2); }
-0.1, program{ out(v1); }
-0.1, program{ out(v3); in(v2); while(v0+48!=71||v3&&43||v2){ in(v4); }}
-0.1, program{ out(v2); while(66||v1){ while(33||29>v2){ v3=v2>79; }}}
-0.1, program{ out(v2); }
-0.1, program{ while(v0>v1){ v1=v2; }out(v2); while(v2>7||0){ v1=v1; }}
-0.1, program{ in(v0); out(v4); while(75!=64||21<v1/v0/v5*v0){ in(v2); }while(6>83!=v1*6!=v1<2){ out(v3); }}
-0.1, program{ out(v1); in(v0); }
-0.1, program{ out(v1); in(v0); v0=v0; }
-0.1, program{ out(v1); }
-0.1, program{ out(v1); }
-0.1, program{ out(v4); }
-0.1, program{ out(v2); }
-0.1, program{ out(v0); in(v0); }
-0.1, program{ in(v2); out(v4); }
-0.1, program{ out(v1); }
-0.1, program{ v1=!v2; while(57*v1){ in(v1); }out(v2); }
-0.1, program{ out(v0); while(70>15){ in(v1); }}
-0.1, program{ v0=v0; out(v0); }
-0.1, program{ out(v1); }
-0.1, program{ v0=v0>90*v0==v0==38; while(v1>v2){ v2=v3; }if(v4||v4*v3<83==25&&70!=v1){ if(v2+64){ in(v3); }}out(v0); }
-0.1, program{ out(v1); }
-0.1, program{ out(v0); }
-0.1, program{ out(v0); }
-0.1, program{ out(v1); }
-0.1, program{ if(91==v2/48!=33){ in(v0); out(52); }out(v0); }
-0.1, program{ out(v1); if(v1==v2*v0!=65+v0){ in(v3); while(!v0){ if(92/v0){ v1=v2; }}}}
-0.1, program{ in(v0); out(v2); }
-0.1, program{ out(v1); }
-0.1, program{ while(71<v0){ while(v0*v0){ out(v0); }}out(v0); if(92&&v0==4!=76*90){ v1=v2==16&&57; if(v0&&v1*v3){ out(64); }}}
-0.1, program{ out(v0); while(v1!=84){ v1=5; }while(v1&&!71){ if(v2/v2||v3-v0){ out(18); }}while(43*57){ while(v1>v2/v1/v1){ while(v2&&29){ in(v3); }}}while(v2-!33){ while(v2+79){ if(56||v1){ in(v4); }}}}
